meester van het amsterdamse kabinet_na_na,Meester Van Het Amsterdamse Kabinet 
500028143,Martin Schongauer
500115493,Albrecht D?rer
500020789,Lucas van Leyden
500115364,Lucas Cranach the Elder
500020417,Johan Wierix
500030773,Marcantonio Raimondi
500024290,Hans Baldung
500115388,Jacob Cornelisz van Oostsanen
500031250,Albrecht Altdorfer
500022364,Hans Burgkmair the Elder
500025214,Hieronymus Wierix
500016165,Aegidius Sadeler II
500006613,Agostino Musi
500115491,Hans Sebald Beham
500010818,Barthel Beham
hondius_comma_ hendrick (i)_1573-06-09_1650-10-25,Hondius Hendrick I
500005259,Hans Holbein the Younger
hogenberg_comma_ nicolaas_1500_1539-09-23,Nicolaas Hogenberg
500025904,Giovanni Jacopo Caraglio
500023820,Marco Dente
500002169,Heinrich Aldegrever
500012615,Parmigianino
500006353,Georg Pencz
500012090,Cornelis Anthonisz.
500028261,Cornelis Bos
500013506,Hans Sch?ufelein the Elder
massijs_comma_ cornelis_1511_1557,Cornelis Massijs
500005693,Giorgio Ghisi
500007753,Virgilius Solis the Elder
500011571,Enea Vico
500013977,Nicolas Beatrizet
500004569,Giulio Bonasone
500000550,Andrea Schiavone
500030183,Dirck Volckertsz. Coornhert
500026480,Etienne Delaune
500010418,Pieter van der Borcht I
heyden_comma_ pieter van der_1540_1582,Pieter Van Der Heyden
500011556,Cornelis Cort
500010913,Frans Huys
collaert_comma_ hans (i)_1540_1581,Hans Collaert I
500016136,Philip Galle
500000956,Franz Hogenberg
500023327,Hendrick Goltzius
meester van de dobbelsteen_na_na,Meester Van De Dobbelsteen
500029646,Battista Franco
500104106,Fran?ois Desprez
500001492,Ren? Boyvin
500115433,Jost Amman
500044024,"""Muller"
500008141,Abraham de Bruyn
500029755,Adamo Scultori
furnius_comma_ pieter jalhea_1540_1626,Pieter Jalhea Furnius
sadeler_comma_ johann (i)_1550_1600-08,Johann Sadeler I
500021205,Adriaen Collaert
500001140,Christoffel van Sichem I
500020972,Cherubino Alberti
500003330,Crispijn de Passe the Elder
500003497,Theodor de Bry
500006564,"""Anton Wierix"
500115349,Agostino Carracci
500026660,Rafael Sadeler I
500053521,Bartholomeus Willemsz. Dolendo
500032629,Andrea Andreani
500015194,Pieter de Jode I
collaert_comma_ jan (ii)_1566_1628-05-26,Jan Collaert Ii
500115191,Jacques de Gheyn II
500029969,Jacob Matham
500015311,Jan Muller
500019614,Jan Saenredam
500027828,Theodor Galle
500006755,Francesco Villamena
blon_comma_ michiel le_1587-07-09_1656,Michiel Le Blon
500109999,Zacharias Dolendo
500028444,Johann Theodor de Bry
500027888,Antonio Tempesta
custos_comma_ dominicus_1560_1615,Dominicus Custos
500013601,Nicolaes de Bruyn
500077778,Johann Sibmacher
bolswert_comma_ boëtius adamsz._1580_1633-03-25,Bo?tius Adamsz. Bolswert
500004910,Raffaello Schiaminossi
frisius_comma_ simon_1575_1628,Simon Frisius
500020542,Cornelis Galle I
500047447,Egbert van Panderen
boissard_comma_ robert_1570_1611,Robert Boissard
swanenburg_comma_ willem isaacsz. van_1580-01-29_1612-05-31,Willem Isaacsz Van Swanenburg
500031558,Gerard ter Borch the Elder
500028466,Willem van Nieulandt II
500015243,Claes Jansz. Visscher
500013507,Pieter Serwouters
500079912,Elias Widemann
500030334,Guido Reni
savery_comma_ salomon_1594_1683-10-16,Salomon Savery
500029166,Petrus Feddes
500005855,Crispijn de Passe the Younger
500021688,Jacques Callot
500011344,Simon de Passe
500005257,Schelte Bolswert
500016084,Esaias van de Velde I
500115398,Jan van de Velde II
queborn_comma_ crispijn van den_1604_1652-11-25,Crispijn Van Den Queborn
wtenbrouck_comma_ moyses van_1600_1647,Moyses Van Wtenbrouck
sichem_comma_ christoffel van (ii)_1581_1658-07-02,Christoffel Van Sichem Ii
500014123,Lucas Vorsterman
500006126,Adriaen Matham
500026391,Claude Mellan
500017511,Gerard ter Borch the Younger
500021614,Cornelis Saftleven
500115190,Anthony van Dyck
scheyndel_comma_ gillis van (i)_1595_1660-12-24,Gillis Van Scheyndel I
500022945,Theodor Matham
500048610,Nicolaes Ryckmans
500025942,Hercules Seghers
500059305,Cornelis Galle II
500001977,Cornelis Bloemaert II
500010060,Paulus Pontius
500022089,Pieter Nolpe
500115612,Jan van Goyen
500021942,Jan Lievensz.
500011051,Rembrandt van Rijn
500012140,Herman Saftleven the Younger
500018966,Stefano Della Bella
500028368,Wenceslaus Hollar
500031187,Abraham Bosse
500029648,Cornelis Danckerts
500001218,Jan Georg van Vliet
500041249,Pieter de Bailliu the Elder
500015047,Pietro Testa
500115366,Claude Lorrain
500009552,Pieter de Jode II
500020628,Johann Wilhelm Baur
500029273,Cornelis Schut I
500012811,Fran?ois Perrier
500000155,Pieter Jansz.
500001504,Theodor Van Thulden
500191819,Michel Natalis
500016042,Pieter Jansz. Quast
500023028,Abraham Dirksz. Santvoort
dalen_comma_ cornelis van (i)_1602_1665-04-07,Cornelis Van Dalen I
500016962,Frederick Bloemaert
500059980,Pieter Hendricksz. Schut
500115299,Giovanni Benedetto Castiglione
500023225,Gr?goire Huret
vianen_comma_ jan van_1680_1726,Jan Van Vianen
500032980,Herman van Swanevelt
500011328,Salvator Rosa
persijn_comma_ reinier van_1614_1668-11-23,Reinier Van Persijn
500021654,Adriaen van Ostade
500021067,Isra?l Silvestre
500030908,Marcus de Bye
500010297,Nicolaes Berchem the Elder
500115159,Allart Everdingen
500008734,Simone Cantarini
500000036,Jean Le Pautre
500008135,Roelant Roghman
500021244,Gesina ter Borch
500003381,Albert Flamen
500023363,Robert Nanteuil
500001547,Cornelis Visscher
500010417,Harmen ter Borch
500012701,Jan de Bisschop
sommer_comma_ matthias van_na_na,Matthias Van Sommer
500018540,Richard Collin
bray_comma_ dirck de_1645_1694-05-09,Dirck De Bray
stoop_comma_ dirk_1621_1686,Dirk Stoop
500000615,Reinier Nooms
500024628,Jakob Von Sandrart
500025331,Wallerant Vaillant
500020032,Moses ter Borch
500000918,Karel Dujardin
500007230,Adriaen Van De Velde
mosijn_comma_ michiel_1630_na,Michiel Mosijn
merian_comma_ caspar_1627-02-18_1689-04-12,Caspar Merian
500008037,Adriaan van der Cabel
500015260,Jan van Ossenbeck
quellinus_comma_ hubert_1619-08-15_1687,Hubert Quellinus
500019267,Giovanni Battista Falda
500030069,Carlo Cesi
500110982,Hendrik Bary
aveele_comma_ johannes jacobsz van den_1655_1727-05-18,Johannes Jacobsz Van Den Aveele
500019038,Pietro Sante Bartoli
bouttats_comma_ gaspar_1640_1695,Gaspar Bouttats
larmessin_comma_ nicolas de (i)_1632-10-17_1694-07-24,Nicolas De Larmessin I
500006997,Johann Friedrich Leonard
meyssens_comma_ cornelis_1640_1673,Cornelis Meyssens
500018469,Giuseppe Maria Mitelli
500021137,S?bastian Le Clerc I
500025525,Jan de Visscher
500015656,Romeyn de Hooghe
500004986,Anthonie Waterloo
hagen_comma_ christiaan_1635_1707,Christiaan Hagen
500019203,Abraham Blooteling
500027237,Johann Alexander Boener
500024037,G?rard de Lairesse
500115661,G?rard Edelinck
500121390,Coenraet Decker
500002628,Josua De Grave
500023649,Johannes van Somer
scherm_comma_ laurens_1671_1702-11-13,Laurens Scherm
winter_comma_ anthonie de_1653_1707,Anthonie De Winter
500010213,Jan van der Heyden
romstet_comma_ christian_1640-02-28_1721-11-21,Christian Romstet
500026618,Abraham Genoels
500003892,Arnold Houbraken
stopendaal_comma_ daniël_1672-05-15_1726-09-19,Dani?l Stopendaal
500032369,Franz Ertinger
boecklin_comma_ johann christoph_1657-10-12_1709-02-09,Johann Christoph Boecklin
500024840,Isaac Vincentsz. van der Vinne
gouwen_comma_ gilliam van der_na_1740,Gilliam Van Der Gouwen
500049432,Joseph Mulder
500015380,Jacobus Harrewijn
500002441,Cornelis Dusart
500008827,Pieter Schenk I
500026786,Adam Von Bartsch
gole_comma_ jacob_1660_1724,Jacob Gole
gunst_comma_ pieter van_1649_1731-05-22,Pieter Van Gunst
500027535,Jan van Call
500001794,Daniel Marot the Elder
allard_comma_ carel_1648-01-19_1709-02-01,Carel Allard
berge_comma_ pieter van den_1659-11-16_1737-12-11,Pieter Van Den Berge
500005089,Jan Goeree
500124812,Robert van Audenaerd
500011172,Jan van Huchtenburgh
500021435,Caspar Luyken
500110406,Martin Bernigeroth
500092243,?tienne Jehandier Desrochers
500001805,Bernard Picart
lamsvelt_comma_ jan_1674-09-30_1743,Jan Lamsvelt
pool_comma_ matthijs_1676_1740-03-25,Matthijs Pool
500020988,Giovanni Battista Foggini
bernigeroth_comma_ johann martin_1713-11-07_1767-02-22,Johann Martin Bernigeroth
500043502,Jacob Folkema
schijnvoet_comma_ jacobus_1685-05-20_1743,Jacobus Schijnvoet
500028005,Adolf van der Laan
500016817,Christian Fritzsch
bleyswijck_comma_ françois van_1671-05-24_1746-10-15,Fran?ois Van Bleyswijck
visscher_comma_ gerrit_na_na,"""visscher"
500008748,Jan Caspar Philips
500054843,Maximilian Joseph Limpach
500016068,Jan Wandelaar
500032675,Abraham Rademaker
500020708,Jacob de Wit
500072634,Johann Andreas Benjamin Nothnagel
houbraken_comma_ jacob_1698-12-25_1780-11-14,Jacob Houbraken
500025723,Louis Fabricius Dubourg
schenk_comma_ leonard_1696-02-26_1767-06-11,Leonard Schenk
500085465,Caspar Jacobsz. Philips
500000723,Johann Elias Ridinger
500012020,Elias van Nijmegen
500019815,Pierre Tanje
500190340,Hendrik Roosing
500032143,Fran?ois Boucher
500010052,Cornelis Pronk
leth_comma_ hendrik de_1703-05-31_1766-06-17,Hendrik De Leth
500115204,Aert Schouman
500009500,Christian Wilhelm Ernst Dietrich
bakker_comma_ barent de_na_na,Barent De Bakker
500019972,Jean Baptiste Vanmour
500004242,William Hogarth
500006702,Jan Punt
500087642,Gabriel Huquier
500020780,Christian Friedrich Fritzsch
500001657,Hendricus Spilman
groot_comma_ jan de_1689_1796,Jan De Groot
schley_comma_ jacob van der_1715-07-26_1779-02-12,Jacob Van Der Schley
500014478,Comte De Caylus
500018523,Giovanni Battista Tiepolo
500016455,Jacques Philippe Le Bas
500025020,Jan LAdmiral
500004484,Cornelis Ploos van Amstel
500024304,Simon Fokke
500009997,Jan de Beyer
500114965,Giovanni Battista Piranesi
500025154,Giovanni Domenico Tiepolo
500121074,Okumura Masanobu
500077796,Isaac Lodewijk La Fargue
500021354,Cornelis Van Noorde
500016614,Jacobus Buys
500057319,Suzuki Harunobu
500027314,Christian Bernhard Rode
500032318,Francesco Bartolozzi
500004222,Paulus van Liender
500353490,Noach van der Meer the Younger
500024687,Abraham Delfos
saint-non_comma_ richard de_1727_1791-11-25,Richard De Saint-Non
500019290,Louis Bernard Coclers
500115329,Jean-Honor? Fragonard
500028721,Giuseppe Galli Bibiena
500014861,Daniel Nikolaus Chodowiecki
500026206,Jean Jacques de Boissieu
500004164,Gravelot
cootwijck_comma_ jurriaan_1714-05-10_1798-01-16,Jurriaan Cootwijck
500109423,Jan Brandes
500028835,Giovanni Francesco Costa
numan_comma_ hendrik_1736-03-21_1788,Hendrik Numan
muys_comma_ robbert_1742-05-02_1825-12-19,Robbert Muys
500044451,Francesco Allegrini
500015068,Augustin de Saint-Aubin
500009834,Christina Chalon
500008716,Jacob Cats
500009558,Hubert Robert
pelletier_comma_ jean_1736_1780,Jean Pelletier
500057320,Isoda Kory?sai
500024752,Rienk Jelgerhuis
500000464,Johann Esaias Nilson
500029428,Jurriaan Andriessen
500115367,Johannes Janson
hauer_comma_ johann thomas_1748_1820,Johann Thomas Hauer
500043168,Gilles Demarteau
500022584,Jean Charles Delafosse
bogerts_comma_ cornelis_1745_1817-02-03,Cornelis Bogerts
500028268,Carel Frederik Bendorp the Elder
koning_comma_ theodoor_1748-02-03_1829-01-31,Theodoor Koning
500078111,Berthault
hulk_comma_ abraham jacobsz._1751-12-31_1817,Abraham Jacobsz Hulk
bock_comma_ christoph wilhelm_1755-03-03_1836-08-17,Christoph Wilhelm Bock
500011515,Gerard van Nijmegen
wit_comma_ izaak jansz. de_1744-12-09_1809-03-13,Izaak Jansz De Wit
brouwer_comma_ cornelis_1735_1803-03-31,Cornelis Brouwer
500098558,Robert Jacob Gordon
500084837,Anthonie van den Bos
500043438,Pierre Gabriel Berthault
500016777,Louis Ducros
500068534,Matheus de Sallieth
500027783,Pieter de Mare
500041151,Nicolas Dupin
500058786,Torii Kiyonaga
500121075,Katsukawa Shunk?
500118936,Francisco de Goya
500017522,Hendrik Schwegman
500105121,Dani?l Vrijdag
500009990,Ernst Ludwig Riepenhausen
500001479,Hendrik Voogd
500032492,Vivant Denon
500031420,Harmanus Fock
500008503,Charles Howard Hodges
chalon_comma_ jan_1738_1795-06-11,Jan Chalon
veelwaard_comma_ daniël (i)_1766-08-14_1851-02-28,Dani?l Veelwaard I
500012836,Gerrit Groenewegen
500055887,Jan Balzer
500017355,James Gillray
500094479,Johann Christian Bendorp
500104963,"""Legros"
hoolaart_comma_ jacob_1713-01-29_1789-04-02,Jacob Hoolaart
500029638,Claude-Joseph Vernet
500020860,Jakob Ernst Marcus
500081100,Utagawa Toyokuni
500040867,Christian Josi
500026701,Johann Friedrich Bolt
roger_comma_ barthélémy joseph fulcran_1767-10-31_1841-05-04,Barth?l?my Joseph Fulcran Roger
portman_comma_ ludwig gottlieb_1772-06-14_1828,Ludwig Gottlieb Portman
bagelaar_comma_ ernst willem jan_1775-09-16_1837-02-08,Ernst Willem Jan Bagelaar
500006230,Pieter Gerardus van Os
claessens_comma_ lambertus antonius_1763-11-21_1843-10-06,Lambertus Antonius Claessens
500001177,Simon Andreas Krausz
bemme_comma_ joannes_1775-09-05_1841-09-15,Joannes Bemme
500065624,Friedrich Wilhelm Bollinger
500054492,Kitagawa Utamaro
500045201,Willem van Senus
casten_comma_ s.g._na_na,S.G. Casten
500091384,Jean Bernard
500060426,Katsushika Hokusai
500026846,Joseph Mallord William Turner
500067367,Heinrich Pfenninger
500121373,Utagawa Kunisada
500012489,William Blake
500020966,Wouter Johannes van Troostwijk
500115271,Josephus Augustus Knip
500008929,Hermanus Van Brussel
500047571,Philipp Velyn
500107560,Frederic Theodore Faber
nolthenius de man_comma_ anthonie willem hendrik_1793-01-18_1842-10-18,Anthonie Willem Hendrik Nolthenius De Man
500030127,Bartolomeo Pinelli
500021120,Pieter Bartholomeusz. Barbiers
500024483,Pieter de Goeje
500116274,Andreas Schelfhout
taurel_comma_ edouard_1824-03-25_1892-11-07,Edouard Taurel
500333019,Gakutei
500054872,Pietro Ruga
500011929,Cornelis Steffelaar
emaus de micault_comma_ gerardus_1798-02-17_1863-11-25,Gerardus Emaus De Micault
forestier_comma_ charles aimé_1789_1851,Charles Aim? Forestier
500010736,Julien L?opold Boilly
500012010,Ambroise Tardieu
cranendoncq_comma_ alexander_1799_1869-06-06,Alexander Cranendoncq
500019127,Nicolas-Toussaint Charlet
500019641,And? Hiroshige
500115665,Joannes Tavenraat
500022423,August Alleb?
isendoorn à blois_comma_ reinierus albertus ludovicus baron van_1786-02-16_1856-03-04,Reinierus Albertus Ludovicus Baron Van Isendoorn ? Blois
500071830,Carl Mayer
500115509,Eug?ne Delacroix
500063102,Utagawa Kuniyoshi
500110730,Dirk Jurriaan Sluyter
500098044,Johannes Philippus Lange
500018239,Henricus Wilhelmus Couwenberg
kellen_comma_ david van der (1804-1879)_1804-09-25_1879-03-30,David Van Der Kellen
rijkelijkhuysen_comma_ hermanus jan hendrik van_1813-10-17_1883-09-15,Hermanus Jan Hendrik Van Rijkelijkhuysen
500006886,Victor Adam
500017795,Pierre Louis Dubourcq
500028435,Jacobus Ludovicus Cornet
500024792,Guillaume Anne van der Brugghen
weijer_comma_ pieter wilhelmus van de_1816-04-05_1880-06-02,Pieter Wilhelmus Van De Weijer
500117998,Honor? Daumier
500015094,Johan Wilhelm Kaiser
linnig_comma_ jean théodore joseph_1815-05-15_1891-11-14,Jean Th?odore Joseph Linnig
500169932,Theodore Schaepkens
500028925,Pieter van Loon
500020251,Jan Weissenbruch
500091217,Alexander Schaepkens
500030519,Egidius Linnig
500098522,Hendrik Abraham Klinkhamer
berghaus_comma_ johann peter_1810-04-18_1870-10-23,Johann Peter Berghaus
500002589,Johannes Bosboom
500115270,Willem Roelofs
500078124,Alexander Ver Huell
500011470,Charles Rochussen
500115164,Charles Fran?ois Daubigny
500027865,Charles-?mile Jacque
reckleben_comma_ jan frederik christiaan_1819-09-03_1879-03-28,Jan Frederik Christiaan Reckleben
delpech_comma_ veuve (naudet)_na_na,Veuve Naudet Delpech
500018116,Rodolphe Bresdin
schaepkens_comma_ arnoud_1816-10-31_1904-06-07,Arnoud Schaepkens
500024238,Cornelis Springer
500021197,Georges Michel
500012057,Willem Gruyter
500023153,Hendrik Valkenburg
kuytenbrouwer jr._comma_ martinus antonius_1821-11-21_1897-11-12,Martinus Antonius Kuytenbrouwer Jr.
500022618,Samuel Jessurun de Mesquita
500010565,Remigius Adrianus Haanen
500012980,Jozef Isra?ls
500009705,Jean-Alexis Achard
500009059,Lambertus Hardenberg
500001302,Charles Meryon
hartogensis_comma_ joseph_1822-05-07_1865-07-16,Joseph Hartogensis
gaal_comma_ jacobus cornelis_1796_1866-12-20,Jacobus Cornelis Gaal
grient_comma_ cornelis van der_1827_1918-10-15,Cornelis Van Der Grient
500042262,Isaac Weissenbruch
500051217,Pieter Janson
500012529,Jean-Fran?ois Millet
500023048,F?lix Bracquemond
500009041,Anton Mauve
500012432,James McNeill Whistler
rahms_comma_ eberhard cornelis_1823-09-14_1907-08-30,Eberhard Cornelis Rahms
500092866,Kawanabe Ky?sai
500057430,Petrus-Johannes Arendzen
500010363,Edouard Manet
500006882,Jules Ferdinand Jacquemart
500115194,Edgar Degas
500121372,Tsukioka Yoshitoshi
500022053,Jacob Henricus Maris
500007292,Odilon Redon
500115390,Jean-Baptiste-Camille Corot
500001924,Camille Pissarro
500326531,Carel Nicolaas Storm van s Gravesande
500325954,Shibata Zeshin
500006861,George Hendrik Breitner
braakensiek_comma_ johan_1858_1940-02-27,Johan Braakensiek
500115875,Henri Charles Guerard
500030270,Pieter de Josselin de Jong
500009268,Johannes Cornelis van Essen
500030601,Jan Veth
500017535,Jan Toorop
stark_comma_ elias_1849-08-15_1933-02-06,Elias Stark
500023867,Max Klinger
500023112,Richard Roland Holst
500024329,Antoon Derkinderen
500025421,Willem Arnold Witsen
500032763,Marius Alexander Jacques Bauer
looij_comma_ jac van_1855-09-12_1930-02-24,Jac Van Looij
500015654,Theodoor van Hoijtema
500011421,Paul Gauguin
500021630,Willem Wenckebach
500002927,Anders Zorn
500003410,Gerrit Willem Dijsselhof
500102180,Carel Adolph Lion Cachet
500029114,Henri de Toulouse-Lautrec
lauweriks_comma_ mathieu_1864-08-25_1932-04-15,Mathieu Lauweriks
500008339,Pierre Dupont
500335317,Toyohara Chikanobu
500095211,Johannes Josephus Aarts
kroon_comma_ patricq_1862-03-17_1941-11-26,Patricq Kroon
graag_comma_ julie de_1877_1924-02-02,Julie De Graag
500121370,Kubo Shunman
500152560,Adolf Le Comte
500007182,Leo Gestel
500331236,Ohara Koson
500024234,Jan Mankes
stolk_comma_ reijer_1896-03-30_1945-03-24,Reijer Stolk
500145203,Hendricus Antonius Henriet
teeseling_comma_ cor van_1915-11-16_1942-11-19,Cor Van Teeseling
500014455,William Trost Richards
500001248,Albert Bierstadt
500019202,Winslow Homer
500017937,Daniel Huntington
500026080,Asher Brown Durand
500021243,Andrew Fisher Bunner
500013823,John William Casilear
Mary Newbold Sargent_1826_1906,Mary Newbold Sargent
500006873,Thomas Sully
Katsukawa Shunsh??????_1726_1792,Katsukawa Shunsh?
Katsukawa Shunei ????_1762_1819,Katsukawa ShunE
Totoya Hokkei_1780_1850,Totoya Hokkei
Ry?ry?kyo Shinsai_1799_1823,Ry?ry?kyo Shinsai
500002731,Carleton E. Watkins
500005033,Pierre-Louis Pierson
500118804,Julia Margaret Cameron
500007674,Dorothea Lange
500021449,William Henry Fox Talbot
500005788,Timothy H. OSullivan
500021954,Maxime Du Camp
500028827,Andrew Joseph Russell
500024737,?douard-Denis Baldus
500012076,Walker Evans
500040820,F?lix Teynard
500115186,George N. Barnard
500021064,Auguste Salzmann
500336447,Alphonse Bertillon
500001807,Anna Atkins
500336821,L?on Davent
500003709,David Lucas
Master of the Die_1525_1560,Master Of The Die
Jules-Edmond-Charles Lachaise_1897_1897,Jules-Enmond-Charles Lachaise
500012334,Jean Morin
500026146,Eug?ne Cic?ri
500015768,Thomas Chippendale
500032573,Jos? Guadalupe Posada
500029535,J. J. Grandville
Charles Hindley and Sons_1841_1917,Charles Hindley And Sons
Alfred Henry Forrester [Alfred Crowquill]_1804_1872,Alfred Crowquill
500115233,Sigmar Polke
500024106,Max Beckmann
500000039,Terry Winters
500115729,Max Ernst
500014094,Joan Mir?
500057350,Louise Bourgeois
500017582,Alexander Rodchenko
500006031,Andy Warhol
500002941,Robert Rauschenberg
500115354,Marc Chagall
500003616,Jacques Villon
500010493,Paul Klee
500030295,Andr? Masson
500016415,Robert Motherwell
500027981,Eduardo Paolozzi
500014558,George Grosz
500009666,Pablo Picasso
500028047,Otto Dix
500004975,Ellsworth Kelly
500115615,Raymond Pettibon
500017300,Henri Matisse
500019113,Jean Dubuffet
500015134,Jackson Pollock
500025688,Yves Tanguy
500028463,Jim Dine
500022247,Jasper Johns
500004010,Pavel Tchelitchew
500115384,Lovis Corinth
500017273,David Hockney
500025126,Diego Rivera
500003003,Gerhard Richter
500033049,Josef Albers
500115308,Lyonel Feininger
500020533,Frank Stella
500110733,Carroll Dunham
500024159,Ed Ruscha
500006352,A. R. Penck
500033164,Rosemarie Trockel
500116277,Richard Tuttle
500023901,Philip Guston
500015030,Man Ray
500115429,Sol LeWitt
500118786,Brice Marden
500013596,Roy Lichtenstein
500017013,Christian Rohlfs
500118710,Christopher Wool
500027985,Pierre Alechinsky
500116197,William Kentridge
500047425,Franz Erhard Walther
500047420,Thomas Sch?tte
500008199,Eug?ne Atget
500020631,Berenice Abbott
500000873,Harry Callahan
500000306,Brassa?
500026108,Ansel Adams
500115193,Lewis Wickes Hine
500024301,Alfred Stieglitz
500003372,Edward Weston
500024299,Aaron Siskind
500030585,Brett Weston
500007274,Ilse Bing
500115484,Henri Cartier-Bresson
500037045,Nicholas Nixon
500339477,Thomas Roma
500026943,Bill Brandt
500085846,Judith Joy Ross
500014327,Lee Friedlander
500008096,August Sander
500014550,Garry Winogrand
500023079,Dieter Roth
500047426,Robert Watts
500116308,Francis Al?s
500033169,Yoshitomo Nara
500125468,Yutaka Matsuzawa
500075547,George Maciunas
500011704,Ben Vautier
500471325,Jos? Antonio Su?rez Londo?o
500053991,Hans Peter Feldmann
500381450,Antoni Llena
